Название;Описание;Рэйтинг по <<KinoAfisha>>;Год и страна;Жанр;Продюсер
Тролли. Мировой тур;https://www.kinoafisha.info/movies/8329930/;9.4;2020, США;анимация, детский;УолтДорн,ДэвидП.Смит
Эту пару создал Бог;https://www.kinoafisha.info/movies/7814654/;9.3;2008, Индия;музыкальный, мелодрама;АдитьяЧопра
FORD против FERRARI;https://www.kinoafisha.info/movies/8354457/;9.1;2019, США;биография, драма;ДжеймсМэнголд
Зеленая миля;https://www.kinoafisha.info/movies/4982409/;9.1;1999, США;драма;ФрэнкДарабонт
Побег из Шоушенка;https://www.kinoafisha.info/movies/7731571/;9.1;1994, США;драма, триллер;ФрэнкДэрабон
Анастасия;https://www.kinoafisha.info/movies/5640854/;9.0;1997, США;анимация, сказка;ДонБлат,ГэриГолдмен
Зов предков;https://www.kinoafisha.info/movies/8353631/;9.0;2020, США;приключения, анимация;КрисСандерс
101 далматинец;https://www.kinoafisha.info/movies/7377347/;9.0;1961, США;семейный, приключения;КлайдДжероними,ХэмильтонЛаски,ВольфгангРайтерман
Аватар;https://www.kinoafisha.info/movies/3430393/;9.0;2009, США;боевик, фантастика;ДжеймсКэмерон
1+1;https://www.kinoafisha.info/movies/8133315/;9.0;2011, Франция;комедия, драма;ОливьеНакаш,ЭрикТоледано
Аватар: Специальная версия;https://www.kinoafisha.info/movies/8097574/;9.0;2010, США;боевик, триллер;ДжеймсКэмерон
Вперёд;https://www.kinoafisha.info/movies/8355472/;8.9;2020, США;анимация, семейный;ДэнСкэнлон
Счастье в конверте;https://www.kinoafisha.info/movies/8356384/;8.9;2020, Россия;семейный;СветланаСуханова
Король Лев;https://www.kinoafisha.info/movies/4620118/;8.9;1994, США;музыкальный, приключения;РоджерАллерс,РобМинкофф
Как приручить дракона 3;https://www.kinoafisha.info/movies/8168520/;8.9;2018, США;анимация, семейный;ДинДеблуа
Начало;https://www.kinoafisha.info/movies/7794008/;8.9;2010, США / Великобритания;боевик, фантастика;КристоферНолан
Хатико: самый верный друг;https://www.kinoafisha.info/movies/7719764/;8.9;2009, США;семейный, драма;ЛассеХалльстрем
Джентльмены;https://www.kinoafisha.info/movies/8356474/;8.9;2020, США;боевик, криминал;ГайРичи
Малефисента: Владычица тьмы;https://www.kinoafisha.info/movies/8326540/;8.8;2019, США;фэнтези, семейный;ХоакимРоннинг
Бриллиантовая рука;https://www.kinoafisha.info/movies/5425175/;8.8;1968, СССР;комедия, приключения;ЛеонидГайдай
Зеленая книга;https://www.kinoafisha.info/movies/8355131/;8.8;2018, США;драма;ПитерФаррелли
Зеленая книга;https://www.kinoafisha.info/movies/8355131/;8.8;2018, США;драма;ПитерФаррелли
Титаник;https://www.kinoafisha.info/movies/3577360/;8.8;1997, США;мелодрама, драма;ДжеймсКэмерон
Непосредственно Каха;https://www.kinoafisha.info/movies/8355244/;8.8;2019, Россия;комедия;ВикторШамиров
Пираты Карибского моря: Проклятие черной жемчужины;https://www.kinoafisha.info/movies/5371/;8.8;2003, США;приключения, боевик;ГорВербински
Храброе сердце;https://www.kinoafisha.info/movies/5413263/;8.8;1995, США;военный, биография;МэлГибсон
Титаник 3D;https://www.kinoafisha.info/movies/8119746/;8.8;1997, США;приключения, драма;ДжеймсКэмерон
Холодное сердце 2;https://www.kinoafisha.info/movies/8329619/;8.8;2019, США;анимация, семейный;КрисБак,ДженниферЛи
Богемская рапсодия;https://www.kinoafisha.info/movies/8329800/;8.8;2018, США / Великобритания;драма, биография;БрайанСингер
Гладиатор;https://www.kinoafisha.info/movies/3577687/;8.7;2000, Великобритания / США;приключения, драма;РидлиСкотт
Иван Васильевич меняет профессию;https://www.kinoafisha.info/movies/1624187/;8.7;1973, СССР;комедия, фантастика;ЛеонидГайдай
Достать ножи;https://www.kinoafisha.info/movies/8355336/;8.7;2019, США;детектив, драма;РайанДжонсон
Лёд 2;https://www.kinoafisha.info/movies/8355575/;8.7;2020, Россия;мелодрама, драма;ЖораКрыжовников
Матрица;https://www.kinoafisha.info/movies/3788758/;8.7;1999, Австралия / США;боевик, фантастика;Лилли(Энди)Вачовски,ЛанаВачовски
Джентльмены удачи;https://www.kinoafisha.info/movies/5435753/;8.7;1971, СССР;криминал, комедия;АлександрСерый
Холоп;https://www.kinoafisha.info/movies/8330418/;8.7;2019, Россия;комедия;КлимШипенко
Пираты Карибского моря: На странных берегах;https://www.kinoafisha.info/movies/7796468/;8.7;2011, США;боевик, комедия;РобМаршалл
Холодное сердце;https://www.kinoafisha.info/movies/8141185/;8.7;2013, США;приключения, анимация;КрисБак,ДженниферЛи
Законопослушный гражданин;https://www.kinoafisha.info/movies/5780637/;8.7;2009, США;триллер, драма;Ф.ГэриГрей
Мстители: Война бесконечности;https://www.kinoafisha.info/movies/8169903/;8.6;2018, США;боевик, фантастика;ЭнтониРуссо,ДжоРуссо
Властелин Колец: Братство Кольца;https://www.kinoafisha.info/movies/3337323/;8.6;2001, Новая Зеландия / США;приключения, боевик;ПитерДжексон
Леон;https://www.kinoafisha.info/movies/3443444/;8.6;1994, Франция;драма, триллер;ЛюкБессон
Сумерки;https://www.kinoafisha.info/movies/5165262/;8.6;2008, США;фэнтези, мелодрама;КэтринХардвик
Эверест;https://www.kinoafisha.info/movies/8329045/;8.6;2019, США;анимация;ТоддВилдерман,ДжиллКалтон
Области тьмы;https://www.kinoafisha.info/movies/8073979/;8.6;2011, США;триллер;НилБергер
Ну, погоди!;https://www.kinoafisha.info/movies/7943086/;8.6;1969, СССР;короткометражный, анимация;ВячеславКотеночкин
Ходячий замок;https://www.kinoafisha.info/movies/329966/;8.6;2004, Япония;мелодрама, анимация;ХаяоМиядзаки
Тайна Коко;https://www.kinoafisha.info/movies/8329302/;8.6;2017, США;анимация, приключения;ЛиАнкрич,ЭдрианМолина
Римские каникулы;https://www.kinoafisha.info/movies/3603641/;8.6;1953, США;мелодрама, драма;УильямУайлер
Король Лев;https://www.kinoafisha.info/movies/8329617/;8.6;2019, США;фантастика, семейный;ДжонФавро
Бойцовский клуб;https://www.kinoafisha.info/movies/3963633/;8.6;1999, США / Германия;триллер, боевик;ДэвидФинчер
В метре друг от друга;https://www.kinoafisha.info/movies/8355072/;8.6;2019, США;мелодрама, драма;ДжастинБальдони
Форрест Гамп;https://www.kinoafisha.info/movies/4162346/;8.6;1994, США;комедия, мелодрама;РобертЗемекис
Игры разума;https://www.kinoafisha.info/movies/4108153/;8.6;2001, США;мистика, драма;РонХовард
Терминатор 2: судный день;https://www.kinoafisha.info/movies/4089627/;8.6;1991, США / Франция;боевик, триллер;ДжеймсКэмерон
Привидение;https://www.kinoafisha.info/movies/3677162/;8.6;1990, США;драма, фэнтези;ДжерриЗакер
Ржев;https://www.kinoafisha.info/movies/8356720/;8.6;2019, Россия;военный, драма;ИгорьКопылов
Брат;https://www.kinoafisha.info/movies/8098609/;8.6;1997, Россия;боевик, драма;АлексейБалабанов
Веном;https://www.kinoafisha.info/movies/8329443/;8.5;2018, США;фантастика, боевик;РубенФлейшер
Живая сталь;https://www.kinoafisha.info/movies/7907273/;8.5;2011, США;драма, боевик;ШонЛеви
Пятый элемент;https://www.kinoafisha.info/movies/3443661/;8.5;1997, Франция;приключения, триллер;ЛюкБессон
Брат 2;https://www.kinoafisha.info/movies/8125705/;8.5;2000, США / Россия;боевик, криминал;АлексейБалабанов
Гарри Поттер и Дары смерти. Часть вторая;https://www.kinoafisha.info/movies/7667825/;8.5;2011, США / Великобритания;семейный, фэнтези;ДэвидЙейтс
Назад в будущее 3;https://www.kinoafisha.info/movies/5412783/;8.5;1990, США;приключения, фантастика;РобертЗемекис
Пираты Карибского моря: На краю света;https://www.kinoafisha.info/movies/911976/;8.5;2007, США;сказка, боевик;ГорВербински
Изгой;https://www.kinoafisha.info/movies/4983627/;8.5;2000, США;приключения, драма;РобертЗемекис
Собачья жизнь 2;https://www.kinoafisha.info/movies/8354806/;8.5;2019, США;семейный;ГейлМанкусо
Джанго освобожденный;https://www.kinoafisha.info/movies/8121248/;8.5;2012, США;вестерн;КвентинТарантино
Движение вверх;https://www.kinoafisha.info/movies/8323017/;8.5;2017, Россия;спорт, драма;АнтонМегердичев
Сумерки. Сага. Новолуние;https://www.kinoafisha.info/movies/7594752/;8.5;2009, США;фэнтези, мелодрама;КрисВайц
Легенда №17;https://www.kinoafisha.info/movies/8141660/;8.5;2012, Россия;биография, спорт;НиколайЛебедев
Шерлок Холмс;https://www.kinoafisha.info/movies/7583200/;8.5;2009, США / Великобритания;драма, боевик;ГайРичи
Камуфляж и шпионаж;https://www.kinoafisha.info/movies/8328970/;8.5;2019, США;анимация, фантастика;ТройКвон,НикБруно
Соник в кино;https://www.kinoafisha.info/movies/8354305/;8.5;2019, США;фэнтези;ДжеффФаулер
Пассажиры;https://www.kinoafisha.info/movies/8176775/;8.5;2016, США;фантастика, приключения;МортенТильдум
Терминатор 2: Судный день 3D;https://www.kinoafisha.info/movies/8327702/;8.5;2017, США;боевик, триллер;ДжеймсКэмерон
ВАЛЛ-И;https://www.kinoafisha.info/movies/3338978/;8.5;2008, США;семейный, фэнтези;ЭндрюСтэнтон
Мстители: Финал;https://www.kinoafisha.info/movies/8319689/;8.5;2019, США;боевик, фантастика;ЭнтониРуссо,ДжоРуссо
Как приручить дракона;https://www.kinoafisha.info/movies/5636910/;8.5;2010, США;анимация, семейный;ДинДеблуа
Форсаж 5;https://www.kinoafisha.info/movies/8027051/;8.5;2011, США;боевик, приключения;ДжастинЛин
Твое имя;https://www.kinoafisha.info/movies/8329875/;8.5;2016, Япония;анимация, фэнтези;МакотоСинкай
Плохие парни навсегда;https://www.kinoafisha.info/movies/8319640/;8.5;2020, США;боевик, криминал;АдильЭльАрби,БилалФалла
Криминальное чтиво;https://www.kinoafisha.info/movies/4366576/;8.5;1994, США;драма;КвентинТарантино
Загадочная история Бенджамина Баттона;https://www.kinoafisha.info/movies/3603047/;8.4;2008, США;мелодрама, драма;ДэвидФинчер
Назад в будущее;https://www.kinoafisha.info/movies/5412787/;8.4;1985, США;приключения, фантастика;РобертЗемекис
Унесенные призраками;https://www.kinoafisha.info/movies/1250373/;8.4;2001, Япония;сказка, семейный;ХаяоМиядзаки
Логан;https://www.kinoafisha.info/movies/8175756/;8.4;2017, США;боевик, фантастика;ДжеймсМэнголд
Брестская крепость;https://www.kinoafisha.info/movies/7949294/;8.4;2010, Россия / Беларусь;драма, военный;АлександрКотт
А зори здесь тихие;https://www.kinoafisha.info/movies/7714889/;8.4;1972, СССР;исторический, драма;СтаниславРостоцкий
Любовь и голуби;https://www.kinoafisha.info/movies/5920923/;8.4;1984, СССР;комедия, мелодрама;ВладимирМеньшов
Чего хотят женщины;https://www.kinoafisha.info/movies/7420163/;8.4;2000, США;мелодрама, комедия;НэнсиМейерс
Рапунцель: Запутанная История;https://www.kinoafisha.info/movies/8106336/;8.4;2010, США;семейный, музыкальный;БайронХовард,НэйтанГрено
Аладдин;https://www.kinoafisha.info/movies/8329596/;8.4;2019, США;приключения, музыкальный;ГайРичи
Алита: Боевой ангел;https://www.kinoafisha.info/movies/8329213/;8.4;2018, США / Канада / Аргентина;фантастика, боевик;РобертРодригес
Железный человек;https://www.kinoafisha.info/movies/1186688/;8.4;2008, США;приключения, фантастика;ДжонФавро
День сурка;https://www.kinoafisha.info/movies/5412773/;8.4;1993, США;комедия, мелодрама;ХаролдРэймис
Человек-паук: Вдали от дома;https://www.kinoafisha.info/movies/8353994/;8.4;2019, США;фантастика, боевик;ДжонУоттс
Джуманджи: Новый уровень;https://www.kinoafisha.info/movies/8354200/;8.4;2019, США;приключения, комедия;ДжейкКэздан
Добрыня Никитич и Змей Горыныч;https://www.kinoafisha.info/movies/611656/;8.4;2006, Россия;сказка, комедия;ИльяМаксимов
Я - легенда!;https://www.kinoafisha.info/movies/2070269/;8.4;2007, США;драма, фантастика;ФренсисЛоуренс
Черный лебедь;https://www.kinoafisha.info/movies/7678205/;8.4;2010, США;драма, триллер;ДарренАронофски
Адвокат дьявола;https://www.kinoafisha.info/movies/3341280/;8.4;1997, США / Германия;триллер, драма;ТэйлорХэкфорд
Пираты Карибского моря: Мертвецы не рассказывают сказки;https://www.kinoafisha.info/movies/8150238/;8.4;2017, США;комедия, фэнтези;ХоакимРоннинг,ЭспенСандберг
Джуманджи;https://www.kinoafisha.info/movies/4273977/;8.4;1995, США;семейный, триллер;ДжоДжонстон
Три богатыря и шамаханская царица;https://www.kinoafisha.info/movies/7627392/;8.4;2010, Россия;сказка, анимация;СергейГлезин
Господин Никто;https://www.kinoafisha.info/movies/7756882/;8.4;2009, Бельгия / Канада / Франция;фантастика, фэнтези;ЖакоВанДормель
Маленькие женщины;https://www.kinoafisha.info/movies/8355161/;8.4;2019, США;мелодрама, драма;ГретаГервиг
Принц Персии: Пески времени;https://www.kinoafisha.info/movies/4876565/;8.4;2010, США;приключения, мелодрама;МайкНьюэлл
Игра;https://www.kinoafisha.info/movies/8099498/;8.4;1997, США;криминал, приключения;ДэвидФинчер
Сонная лощина;https://www.kinoafisha.info/movies/1068693/;8.4;1999, США;триллер, ужасы;ТимБертон
Т-34;https://www.kinoafisha.info/movies/8324941/;8.4;2018, Россия;военный, боевик;АлексейСидоров
Остров проклятых;https://www.kinoafisha.info/movies/5280353/;8.4;2009, США;драма, мистика;МартинСкорсезе
Кунг-Фу Панда;https://www.kinoafisha.info/movies/2108341/;8.4;2008, США;комедия, анимация;МаркОсборн,ДжонСтивенсон
Зверополис;https://www.kinoafisha.info/movies/8170146/;8.4;2016, США;анимация, боевик;БайронХовард,РичМур
28 панфиловцев;https://www.kinoafisha.info/movies/8154984/;8.4;2016, Россия;военный, драма;КимДружинин,АндрейШальопа
Чужие;https://www.kinoafisha.info/movies/5411374/;8.4;1986, США / Великобритания;триллер, ужасы;ДжеймсКэмерон
Троя;https://www.kinoafisha.info/movies/5591/;8.3;2004, США / Мальта / Великобритания;исторический, приключения;ВольфгангПетерсен
Хэнкок;https://www.kinoafisha.info/movies/4172734/;8.3;2008, США;комедия, фантастика;ПитерБерг
Пираты Карибского моря: Сундук мертвеца;https://www.kinoafisha.info/movies/533610/;8.3;2006, США;боевик, сказка;ГорВербински
Гарри Поттер и Дары смерти. Часть первая;https://www.kinoafisha.info/movies/7667823/;8.3;2010, США / Великобритания;семейный, фэнтези;ДэвидЙейтс
Грань будущего;https://www.kinoafisha.info/movies/8134704/;8.3;2014, США;фантастика, боевик;ДагЛайман
Достучаться до небес;https://www.kinoafisha.info/movies/7275899/;8.3;1997, Германия / Нидерланды / Бельгия;боевик, драма;ТомасЯн
Волк и теленок;https://www.kinoafisha.info/movies/7667680/;8.3;1984, СССР;семейный, анимация;МихаилКаменецкий
Гарри Поттер и философский камень;https://www.kinoafisha.info/movies/5387519/;8.3;2001, Великобритания / США;приключения, семейный;КрисКоламбус
Майкл Джексон: Вот и все;https://www.kinoafisha.info/movies/7784959/;8.3;2009, США;документальный, музыкальный;КенниОртега
Шерлок Холмс: Игра теней;https://www.kinoafisha.info/movies/8094240/;8.3;2011, США;приключения, криминал;ГайРичи
Чужой;https://www.kinoafisha.info/movies/4722633/;8.3;1979, США / Великобритания;ужасы, фантастика;РидлиСкотт
Ледниковый период;https://www.kinoafisha.info/movies/4621953/;8.3;2002, США;комедия, приключения;КарлосСалдана,КрисУэдж
Доктор Стрэндж;https://www.kinoafisha.info/movies/8168491/;8.3;2016, США;фэнтези, приключения;СкоттДерриксон
Тор: Рагнарёк;https://www.kinoafisha.info/movies/8170452/;8.3;2017, США;фэнтези, драма;ТайкаВайтити
Звезда родилась;https://www.kinoafisha.info/movies/8328972/;8.3;2018, США;драма, мелодрама;БрэдлиКупер
Девчата;https://www.kinoafisha.info/movies/3623363/;8.3;1961, СССР;мелодрама, комедия;ЮрийЧулюкин
Час пик 2;https://www.kinoafisha.info/movies/6668095/;8.3;2001, США;триллер, комедия;БреттРэтнер
Хоббит: Нежданное путешествие;https://www.kinoafisha.info/movies/5567540/;8.3;2012, США;фэнтези, приключения;ПитерДжексон
Один день;https://www.kinoafisha.info/movies/8085369/;8.3;2011, Великобритания;комедия, мелодрама;ЛонеШерфиг
Аквамен;https://www.kinoafisha.info/movies/8171722/;8.3;2018, США;фантастика, приключения;ДжеймсВан
Эквилибриум;https://www.kinoafisha.info/movies/5213/;8.3;2002, США;фантастика, триллер;КуртУиммер
Молот;https://www.kinoafisha.info/movies/8326974/;8.3;2016, Россия;драма, спорт;НурбекЭген
Час пик;https://www.kinoafisha.info/movies/6660723/;8.3;1998, США;триллер, боевик;БреттРэтнер
Тайна третьей планеты;https://www.kinoafisha.info/movies/2086732/;8.3;1981, СССР;анимация, приключения;РоманКачанов
Принцесса Мононоке;https://www.kinoafisha.info/movies/4019055/;8.3;1997, Япония;боевик, сказка;ХаяоМиядзаки
РЭД;https://www.kinoafisha.info/movies/7908442/;8.3;2010, США;комедия, боевик;РобертШвентке
Притворись моей женой;https://www.kinoafisha.info/movies/8074807/;8.3;2011, США;мелодрама, комедия;ДеннисДуган
Знакомьтесь, Джо Блэк;https://www.kinoafisha.info/movies/3997319/;8.3;1998, США;мелодрама, мистика;МартинБрест
Трансформеры;https://www.kinoafisha.info/movies/1090233/;8.3;2007, США;боевик, приключения;МайклБэй
Корпорация Монстров;https://www.kinoafisha.info/movies/75889/;8.3;2001, США;семейный, сказка;ПитДоктер,ДэвидСилверман,ЛиАнкрич
"Всегда говори ""Да""";https://www.kinoafisha.info/movies/4273910/;8.3;2008, США;комедия;ПейтонРид
Lil Peep: Всё для всех;https://www.kinoafisha.info/movies/8356213/;8.3;2019, США;документальный;СебастьянДжонс,РамезСилян
Доберман;https://www.kinoafisha.info/movies/5751934/;8.3;1997, Франция;боевик;ЖанКоунен
Люди в черном;https://www.kinoafisha.info/movies/5056604/;8.3;1997, США;боевик;БарриЗонненфельд
Телохранитель киллера;https://www.kinoafisha.info/movies/8326545/;8.3;2017, США;боевик, комедия;ПатрикХьюз
Ежик в тумане;https://www.kinoafisha.info/movies/7687159/;8.3;1975, СССР;детский;ЮрийНорштейн
Салют-7;https://www.kinoafisha.info/movies/8322262/;8.3;2017, Россия;драма, исторический;КлимШипенко
Убойные каникулы;https://www.kinoafisha.info/movies/8097103/;8.3;2009, Канада;комедия;ЭлайКрэйг
Стражи Галактики. Часть 2;https://www.kinoafisha.info/movies/8176258/;8.3;2017, США;боевик, фантастика;ДжеймсГанн
Семь;https://www.kinoafisha.info/movies/3977952/;8.3;1995, США;мистика, криминал;ДэвидФинчер
Шрэк;https://www.kinoafisha.info/movies/5625/;8.3;2001, США;анимация, семейный;ЭндрюАдамсон,ВиккиДженсон
Жизнь, как она есть;https://www.kinoafisha.info/movies/7918898/;8.3;2010, США;комедия;ГрегБерланти
Апокалипсис;https://www.kinoafisha.info/movies/1020519/;8.3;2006, США;боевик, приключения;МэлГибсон
Подарок на Рождество;https://www.kinoafisha.info/movies/4096866/;8.3;1996, США;комедия, боевик;БрайанЛивант
Ледниковый период 3: Эра динозавров;https://www.kinoafisha.info/movies/4996013/;8.3;2009, США;приключения, анимация;КарлосСалдана
О чем говорят мужчины;https://www.kinoafisha.info/movies/7795867/;8.3;2010, Россия;комедия;ДмитрийДьяченко
Красавица и чудовище;https://www.kinoafisha.info/movies/5388337/;8.3;1991, США;сказка, мелодрама;ГэриТроусдейл,КиркУайз
Властелин Колец: Две крепости;https://www.kinoafisha.info/movies/5227/;8.3;2002, США / Новая Зеландия / Германия;приключения, фэнтези;ПитерДжексон
Сумерки. Сага. Рассвет: Часть 1;https://www.kinoafisha.info/movies/8089580/;8.3;2011, США;фэнтези, мелодрама;БиллКондон
Три метра над уровнем неба;https://www.kinoafisha.info/movies/8121127/;8.3;2010, Испания;драма;ФернандоГонзалезМолина
Университет монстров;https://www.kinoafisha.info/movies/8133574/;8.2;2013, США;комедия, семейный;ДэнСкэнлон
Чужой 3;https://www.kinoafisha.info/movies/5811338/;8.2;1992, США;триллер, драма;ДэвидФинчер
Гарри Поттер и кубок огня;https://www.kinoafisha.info/movies/419476/;8.2;2005, США / Великобритания;семейный, приключения;МайкНьюэлл
Люди Икс: Начало. Росомаха;https://www.kinoafisha.info/movies/4808778/;8.2;2009, США / Новая Зеландия / Австралия;фантастика, боевик;ГэвинХуд
От заката до рассвета;https://www.kinoafisha.info/movies/5411584/;8.2;1995, США;боевик, триллер;РобертРодригес
Дитя погоды;https://www.kinoafisha.info/movies/8356367/;8.2;2019, Япония;аниме , мелодрама;МакотоСинкай
Первому игроку приготовиться;https://www.kinoafisha.info/movies/8178835/;8.2;2018, США;фантастика, боевик;СтивенСпилберг
Механик;https://www.kinoafisha.info/movies/7808964/;8.2;2011, США;драма, боевик;СаймонУэст
Служебный роман;https://www.kinoafisha.info/movies/5617111/;8.2;1977, СССР;мелодрама, комедия;ЭльдарРязанов
Рождество на двоих;https://www.kinoafisha.info/movies/8355371/;8.2;2019, США;мелодрама, комедия;ПолФиг
Темный рыцарь;https://www.kinoafisha.info/movies/3229744/;8.2;2008, США;драма, мистика;КристоферНолан
По соображениям совести;https://www.kinoafisha.info/movies/8325361/;8.2;2016, США;военный, драма;МэлГибсон
Рио;https://www.kinoafisha.info/movies/8115879/;8.2;2011, США;комедия, семейный;КарлосСалдана
300 спартанцев;https://www.kinoafisha.info/movies/924813/;8.2;2007, США;приключения, драма;ЗакСнайдер
Один вдох;https://www.kinoafisha.info/movies/8330413/;8.2;2020, Россия;спорт, драма;ЕленаХазанова
Впритык;https://www.kinoafisha.info/movies/7844927/;8.2;2010, США;комедия;ТоддФиллипс
Джокер;https://www.kinoafisha.info/movies/8354928/;8.2;2019, США;криминал, драма;ТоддФиллипс
Престиж;https://www.kinoafisha.info/movies/1068657/;8.2;2006, США / Великобритания;сказка, триллер;КристоферНолан
Значит, война;https://www.kinoafisha.info/movies/8101079/;8.2;2011, США;комедия, боевик;МакДжи
Гонка;https://www.kinoafisha.info/movies/8137329/;8.2;2012, США;биография, драма;РонХовард
Варкрафт;https://www.kinoafisha.info/movies/8158971/;8.2;2016, США;приключения, боевик;ДунканДжонс
Маска;https://www.kinoafisha.info/movies/3659042/;8.2;1994, США;фэнтези, криминал;ЧарлзРасселл
Константин: повелитель тьмы;https://www.kinoafisha.info/movies/185063/;8.2;2005, США / Германия;триллер, боевик;ФренсисЛоуренс
Дневник памяти;https://www.kinoafisha.info/movies/5676/;8.2;2004, США;драма, мелодрама;НикКассаветис
Лучшее предложение;https://www.kinoafisha.info/movies/8148232/;8.2;2013, Италия;мелодрама, драма;ДжузеппеТорнаторе
Крепкий орешек 4.0;https://www.kinoafisha.info/movies/1177771/;8.2;2007, США;приключения, триллер;ЛенУайзман
Помни меня;https://www.kinoafisha.info/movies/7737294/;8.2;2010, США;драма, мелодрама;АлленКултер
Мальчишник 2: Из Вегаса в Бангкок;https://www.kinoafisha.info/movies/8089873/;8.2;2011, США;комедия;ТоддФиллипс
Суперсемейка 2;https://www.kinoafisha.info/movies/8323488/;8.2;2018, США;анимация, детский;БрэдБерд
Робот по имени Чаппи;https://www.kinoafisha.info/movies/8169962/;8.2;2015, США / Мексика;боевик, триллер;НилБломкамп
Люди Икс: Первый класс;https://www.kinoafisha.info/movies/8092465/;8.2;2011, США;боевик, фантастика;МэттьюВон
Вольт;https://www.kinoafisha.info/movies/7588222/;8.2;2008, США;анимация, комедия;КрисУильямс
Судья Дредд;https://www.kinoafisha.info/movies/8143383/;8.2;2012, Великобритания;фантастика, боевик;ПитТрэвис
Мстители;https://www.kinoafisha.info/movies/8092771/;8.2;2012, США;боевик;ДжоссУидон
Заложница;https://www.kinoafisha.info/movies/4004541/;8.2;2008, Франция;триллер, боевик;ПьерМорель
Король говорит!;https://www.kinoafisha.info/movies/8099607/;8.2;2010, Великобритания / Австралия;драма, исторический;ТомХупер
Добро пожаловать, или Посторонним вход воспрещен;https://www.kinoafisha.info/movies/1853092/;8.2;1964, СССР;семейный, комедия;ЭлемКлимов
Голая правда;https://www.kinoafisha.info/movies/7457656/;8.2;2009, США;мелодрама, комедия;РобертЛукетич
Собачья жизнь;https://www.kinoafisha.info/movies/8326885/;8.2;2017, США;драма, комедия;ЛассеХалльстрем
Проза бродячих псов. Фильм;https://www.kinoafisha.info/movies/8354991/;8.2;2018, Япония;анимация;ТакуяИгараси
Билли Эллиот;https://www.kinoafisha.info/movies/1079521/;8.2;2000, Великобритания / Франция;драма, комедия;СтивенДолдри
Посвященный;https://www.kinoafisha.info/movies/8162637/;8.2;2014, США;фантастика, драма;ФиллипНойс
Мадагаскар 2;https://www.kinoafisha.info/movies/2179727/;8.2;2008, США;сказка, семейный;ЭрикДарнелл,ТомМакГрат
Рататуй;https://www.kinoafisha.info/movies/1102801/;8.2;2007, США;комедия, семейный;БрэдБерд,ЯнПинкава
Ангел А;https://www.kinoafisha.info/movies/611652/;8.2;2005, Франция;мелодрама, комедия;ЛюкБессон
Валериан и город тысячи планет;https://www.kinoafisha.info/movies/8320384/;8.2;2017, Франция;фантастика, боевик;ЛюкБессон
Человек-паук: Через вселенные;https://www.kinoafisha.info/movies/8353992/;8.2;2018, США;анимация, приключения;БобПерсичетти,ПитерРэмзи
Лучшее во мне;https://www.kinoafisha.info/movies/8165591/;8.2;2014, США;мелодрама, драма;МайклХоффман
Джуманджи: Зов джунглей;https://www.kinoafisha.info/movies/8319638/;8.2;2017, США;приключения, семейный;ДжейкКэздан
Рэмпейдж;https://www.kinoafisha.info/movies/8329072/;8.2;2018, США;боевик, фантастика;БрэдПейтон
Трансформеры: Месть падших;https://www.kinoafisha.info/movies/5072338/;8.2;2009, США;фантастика, приключения;МайклБэй
Дэдпул 2;https://www.kinoafisha.info/movies/8326405/;8.2;2018, США;боевик, приключения;ДэвидЛитч
Иллюзия обмана;https://www.kinoafisha.info/movies/8127812/;8.2;2013, США;криминал, триллер;ЛуиЛетерье
Неадекватные люди;https://www.kinoafisha.info/movies/8098290/;8.2;2010, Россия;комедия;РоманКаримов
Мадагаскар 3;https://www.kinoafisha.info/movies/8136598/;8.2;2012, США;анимация, семейный;ЭрикДарнелл
Предложение;https://www.kinoafisha.info/movies/7283844/;8.2;2009, США;мелодрама, комедия;ЭннФлетчер
Непрощенный;https://www.kinoafisha.info/movies/8327951/;8.2;2018, Россия;драма;СарикАндреасян
Миллионер из трущоб;https://www.kinoafisha.info/movies/5780683/;8.2;2008, Великобритания;мелодрама, драма;ДэнниБойл
Время первых;https://www.kinoafisha.info/movies/8174662/;8.2;2017, Россия;драма, исторический;ДмитрийКиселев
Время;https://www.kinoafisha.info/movies/8096881/;8.2;2011, США;фантастика;ЭндрюНиккол
После;https://www.kinoafisha.info/movies/8355420/;8.2;2019, США;драма, мелодрама;ДженниГейдж
Кома;https://www.kinoafisha.info/movies/8324836/;8.2;2019, Россия;фантастика, боевик;НикитаАргунов
Доспехи Бога;https://www.kinoafisha.info/movies/6484404/;8.2;1987, Гонконг / Югославия;приключения, боевик;ДжекиЧан
BTS: Love Yourself Tour in Seoul;https://www.kinoafisha.info/movies/8355477/;8.2;2018, Корея;документальный, музыкальный;
Исчезнувшая;https://www.kinoafisha.info/movies/8162259/;8.2;2014, США;триллер, драма;ДэвидФинчер
Величайший шоумен;https://www.kinoafisha.info/movies/8175961/;8.1;2018, США;музыкальный, биография;МайклГрэйси
Бамблби;https://www.kinoafisha.info/movies/8324309/;8.1;2018, США;фантастика, боевик;ТрэвисНайт
Крестный отец;https://www.kinoafisha.info/movies/3974172/;8.1;1972, США;драма, триллер;ФрэнсисФордКоппола
Кунг-Фу Панда 2;https://www.kinoafisha.info/movies/8119257/;8.1;2011, США;комедия, анимация;ДженниферЮ
Обливион;https://www.kinoafisha.info/movies/8124708/;8.1;2013, США;боевик, фантастика;ДжозефКосински
Рыцарь дня;https://www.kinoafisha.info/movies/7810546/;8.1;2010, США;боевик, комедия;ДжеймсМэнголд
Чудо на Гудзоне;https://www.kinoafisha.info/movies/8320983/;8.1;2016, США;драма, биография;КлинтИствуд
Клаустрофобы;https://www.kinoafisha.info/movies/8355319/;8.1;2019, США;ужасы;АдамРобител
Первый Мститель: Противостояние;https://www.kinoafisha.info/movies/8167264/;8.1;2016, США;боевик, фантастика;ЭнтониРуссо,ДжоРуссо
Смертельная гонка;https://www.kinoafisha.info/movies/5351462/;8.1;2008, США;фантастика, триллер;ПолУ.С.Андерсон
Лёд;https://www.kinoafisha.info/movies/8324841/;8.1;2017, Россия;мелодрама;АлександрАндрющенко,ОлегТрофим
Девушка с татуировкой дракона;https://www.kinoafisha.info/movies/8095404/;8.1;2011, США;криминал, триллер;ДэвидФинчер
Список Шиндлера;https://www.kinoafisha.info/movies/3725038/;8.1;1993, США;исторический, военный;СтивенСпилберг
Гарри Поттер и узник Азкабана;https://www.kinoafisha.info/movies/5598/;8.1;2004, США / Великобритания;приключения, семейный;АльфонсоКуарон
Астрал;https://www.kinoafisha.info/movies/8085870/;8.1;2011, США;ужасы, триллер;ДжеймсВан
Жестокие игры;https://www.kinoafisha.info/movies/3923119/;8.1;1999, США;мелодрама, драма;РоджерКамбл
Бункер;https://www.kinoafisha.info/movies/8140929/;8.1;2011, Испания / Колумбия;триллер;АндресБаиз
Железный человек 3;https://www.kinoafisha.info/movies/8133573/;8.1;2013, США;фантастика, боевик;ШейнБлэк
До встречи с тобой;https://www.kinoafisha.info/movies/8178415/;8.1;2016, США;мелодрама;ТеаШэррок
Неудержимые;https://www.kinoafisha.info/movies/7673575/;8.1;2010, США;боевик;СильвестрСталлоне
Апгрейд;https://www.kinoafisha.info/movies/8355159/;8.1;2018, Австралия;фантастика, боевик;ЛиУоннелл
Бурлеск;https://www.kinoafisha.info/movies/7949408/;8.1;2010, США;мелодрама, музыкальный;СтивЭнтин
Адмиралъ;https://www.kinoafisha.info/movies/4219990/;8.1;2008, Россия;драма, биография;АндрейКравчук
Меч короля Артура;https://www.kinoafisha.info/movies/8164842/;8.1;2017, США;фэнтези, боевик;ГайРичи
Исходный код;https://www.kinoafisha.info/movies/8099333/;8.1;2011, США / Франция;драма, фантастика;ДунканДжонс
Небоскреб;https://www.kinoafisha.info/movies/8329434/;8.1;2018, США;боевик;РоусонМаршаллТербер
Трансформеры 3: Темная сторона Луны;https://www.kinoafisha.info/movies/8086726/;8.1;2011, США;приключения, боевик;МайклБэй
Мистер и миссис Смит;https://www.kinoafisha.info/movies/281977/;8.1;2005, США;триллер, приключения;ДагЛайман
Отступники;https://www.kinoafisha.info/movies/923488/;8.1;2006, США;криминал, драма;МартинСкорсезе
Звездные Войны: Эпизод III - Месть ситхов;https://www.kinoafisha.info/movies/221460/;8.1;2005, США;фантастика, приключения;ДжорджЛукас
Малена;https://www.kinoafisha.info/movies/1079414/;8.1;2000, Италия / США;военный, драма;ДжузеппеТорнаторе
Последний богатырь;https://www.kinoafisha.info/movies/8326460/;8.1;2017, Россия;семейный, комедия;ДмитрийДьяченко
Команда А;https://www.kinoafisha.info/movies/5637676/;8.1;2010, США;боевик, триллер;ДжоКарнахан
Фиксики против кработов;https://www.kinoafisha.info/movies/8330445/;8.1;2019, Россия;анимация, детский;ВасикоБедошвили,ОлегУжинов
Калашников;https://www.kinoafisha.info/movies/8356815/;8.1;2020, Россия;военный, исторический;КонстантинБуслов
Добро пожаловать в Зомбилэнд;https://www.kinoafisha.info/movies/7745135/;8.1;2009, США;комедия, ужасы;РубенФлейшер
2012;https://www.kinoafisha.info/movies/7283968/;8.1;2009, США / Канада;драма;РоландЭммерих
Землетрясение;https://www.kinoafisha.info/movies/8320838/;8.1;2016, Россия;драма;СарикАндреасян
Заклятие;https://www.kinoafisha.info/movies/8137286/;8.1;2013, США;триллер, ужасы;ДжеймсВан
Соседка;https://www.kinoafisha.info/movies/7949386/;8.1;2010, США;триллер, криминал;КристианКристенсен
Ученик чародея;https://www.kinoafisha.info/movies/7750251/;8.1;2010, США;сказка, семейный;ДжонТертлтауб
Зеркала;https://www.kinoafisha.info/movies/5475483/;8.1;2008, США;ужасы;АлександрАжа
Балерина;https://www.kinoafisha.info/movies/8326120/;8.1;2017, Франция / Канада;анимация, семейный;ЭрикСаммер,ЭрикУорин
Доспехи Бога 3: миссия Зодиак;https://www.kinoafisha.info/movies/8129732/;8.1;2012, Гонконг / Китай;боевик, приключения;ДжекиЧан
Хоббит: Пустошь Смауга;https://www.kinoafisha.info/movies/8144241/;8.1;2013, США / Новая Зеландия;драма, фэнтези;ПитерДжексон
Хоббит: Пустошь Смауга;https://www.kinoafisha.info/movies/8144241/;8.1;2013, США / Новая Зеландия;драма, фэнтези;ПитерДжексон
Паранормальное явление 3;https://www.kinoafisha.info/movies/8107434/;8.1;2011, США;ужасы;ГенриДжуст,ЭриельШульман
Крепкий орешек;https://www.kinoafisha.info/movies/5038744/;8.1;1988, США;триллер, криминал;ДжонМакТирнан
Вечное сияние чистого разума;https://www.kinoafisha.info/movies/5565/;8.1;2004, США;драма, комедия;МишельГондри
Три метра над уровнем неба. Я тебя хочу;https://www.kinoafisha.info/movies/8135207/;8.1;2012, Испания;мелодрама, драма;ФернандоГонзалезМолина
Воды слонам!;https://www.kinoafisha.info/movies/8051851/;8.1;2011, США;драма;ФренсисЛоуренс
Семь жизней;https://www.kinoafisha.info/movies/5100402/;8.1;2008, США;драма;ГабриэлеМуччино
Семья по-быстрому;https://www.kinoafisha.info/movies/8354071/;8.1;2018, США;комедия;ШонАндерс
Кот в сапогах;https://www.kinoafisha.info/movies/8093232/;8.1;2011, США;фэнтези, комедия;КрисМиллер
Социальная сеть;https://www.kinoafisha.info/movies/8037395/;8.1;2010, США;исторический, драма;ДэвидФинчер
Властелин Колец: Возвращение Короля;https://www.kinoafisha.info/movies/5475/;8.1;2003, США / Новая Зеландия / Германия;фэнтези;ПитерДжексон
Ральф против интернета;https://www.kinoafisha.info/movies/8329618/;8.1;2018, США;анимация, комедия;ФилДжонстон,РичМур
Ледниковый период 4: Континентальный дрейф;https://www.kinoafisha.info/movies/8092661/;8.1;2012, США;комедия, анимация;СтивМартино,МайклТурмейер
Дом странных детей мисс Перегрин;https://www.kinoafisha.info/movies/8157752/;8.1;2016, США;фэнтези, приключения;ТимБертон
Обитель зла;https://www.kinoafisha.info/movies/5388561/;8.1;2002, Германия / Франция / Великобритания;ужасы, боевик;ПолУ.С.Андерсон
Гадкий я 3;https://www.kinoafisha.info/movies/8175982/;8.1;2017, США;приключения, комедия;ПьерКоффин,КрисРено
Три билборда на границе Эббинга, Миссури;https://www.kinoafisha.info/movies/8330387/;8.1;2017, США / Великобритания;драма, триллер;МартинМакДона
Спасти рядового Райана;https://www.kinoafisha.info/movies/3725163/;8.1;1998, США;боевик, военный;СтивенСпилберг
Три дня на побег;https://www.kinoafisha.info/movies/8084789/;8.1;2010, США;триллер, мелодрама;ПолХаггис
Шрэк навсегда;https://www.kinoafisha.info/movies/4981503/;8.1;2010, США;сказка, приключения;МайкМитчелл
Сумерки. Сага. Рассвет: Часть 2;https://www.kinoafisha.info/movies/8098260/;8.0;2012, США;мелодрама, фэнтези;БиллКондон
Хоббит: Битва Пяти Воинств;https://www.kinoafisha.info/movies/7609445/;8.0;2014, США;фэнтези, приключения;ПитерДжексон
Хоббит: Битва Пяти Воинств;https://www.kinoafisha.info/movies/7609445/;8.0;2014, США;фэнтези, приключения;ПитерДжексон
Оно приходит ночью;https://www.kinoafisha.info/movies/8329876/;8.0;2017, США;ужасы, триллер;ТрейЭдвардШульц
Экипаж;https://www.kinoafisha.info/movies/8137305/;8.0;2012, США;драма;РобертЗемекис
Игры разумов;https://www.kinoafisha.info/movies/8329936/;8.0;2018, Ирландия;драма, детектив;ФарадСафиниа
Девятые врата;https://www.kinoafisha.info/movies/3341247/;8.0;1999, Испания / Франция / США;мистика, ужасы;РоманПолански
Звездная пыль;https://www.kinoafisha.info/movies/1179969/;8.0;2007, Великобритания / США;приключения, мелодрама;МэттьюВон
Адреналин;https://www.kinoafisha.info/movies/897622/;8.0;2006, Великобритания / США;драма, боевик;МаркНевелдайн,БрайанТэйлор
Восстание планеты обезьян;https://www.kinoafisha.info/movies/8092686/;8.0;2011, США;фантастика, боевик;РупертУайатт
Район №9;https://www.kinoafisha.info/movies/6660732/;8.0;2009, США;фантастика;НиллБломкамп
9 рота;https://www.kinoafisha.info/movies/351688/;8.0;2005, Россия / Финляндия / Украина;драма, военный;ФедорБондарчук
Балканский рубеж;https://www.kinoafisha.info/movies/8327057/;8.0;2019, Россия / Сербия;боевик, драма;АндрейВолгин
Люди в черном 3;https://www.kinoafisha.info/movies/8088846/;8.0;2012, США;фантастика, приключения;БарриЗонненфельд
Василиса;https://www.kinoafisha.info/movies/8167272/;8.0;2014, Россия;мелодрама, исторический;АнтонСиверс
Терминал;https://www.kinoafisha.info/movies/5654/;8.0;2004, США;мелодрама, драма;СтивенСпилберг
Каратэ-пацан;https://www.kinoafisha.info/movies/7908412/;8.0;2010, США;драма, семейный;ХарольдЦварт
Гарри Поттер и Орден Феникса;https://www.kinoafisha.info/movies/1091223/;8.0;2007, Великобритания / США;сказка, семейный;ДэвидЙейтс
Железный человек 2;https://www.kinoafisha.info/movies/7124847/;8.0;2010, США;фантастика, боевик;ДжонФавро
Тайная жизнь домашних животных 2;https://www.kinoafisha.info/movies/8328824/;8.0;2019, США;анимация, комедия;КрисРено
Эффект бабочки;https://www.kinoafisha.info/movies/5522/;8.0;2004, США;драма, триллер;ЭрикБресс,Дж.МэкиГрабер
Терминатор;https://www.kinoafisha.info/movies/4035680/;8.0;1984, Великобритания / США;триллер, фантастика;ДжеймсКэмерон
Алеша Попович и Тугарин Змей;https://www.kinoafisha.info/movies/107757/;8.0;2004, Россия;семейный, сказка;КонстантинБронзит
Мы - Миллеры;https://www.kinoafisha.info/movies/8129014/;8.0;2013, США;комедия;РоусонМаршаллТербер
История игрушек: Большой побег;https://www.kinoafisha.info/movies/8090393/;8.0;2010, США;драма, приключения;ДжонЛассетер
Стажер;https://www.kinoafisha.info/movies/8163779/;8.0;2015, США;комедия;НэнсиМейерс
1917;https://www.kinoafisha.info/movies/8355993/;8.0;2019, Великобритания / США;военный, драма;СэмМендес
Ледниковый период 2: Глобальное потепление;https://www.kinoafisha.info/movies/556275/;8.0;2006, США;комедия, семейный;КарлосСалдана
Фердинанд;https://www.kinoafisha.info/movies/8157754/;8.0;2017, США;анимация;КарлосСалдана
Монстры на каникулах 3: Море зовет;https://www.kinoafisha.info/movies/8320440/;8.0;2018, США;анимация, семейный;ГенндийТартаковский
Семейка Крудс;https://www.kinoafisha.info/movies/8125629/;8.0;2013, США;анимация, комедия;КеркДеМикко,КрисСандерс
Обещание;https://www.kinoafisha.info/movies/8323082/;8.0;2016, США;драма, исторический;ТерриДжордж
Реквием по мечте;https://www.kinoafisha.info/movies/330148/;8.0;2000, США;драма, криминал;ДарренАронофски
Д'Артаньян и три мушкетёра;https://www.kinoafisha.info/movies/7731575/;8.0;1978, СССР;музыкальный, приключения;ГеоргийЮнгвальд-Хилькевич
Погребенный заживо;https://www.kinoafisha.info/movies/7791518/;8.0;2010, Испания;криминал, триллер;РодригоКортес
Поймай меня, если сможешь;https://www.kinoafisha.info/movies/5239/;8.0;2002, США;комедия;СтивенСпилберг
Американская история Х;https://www.kinoafisha.info/movies/7884372/;8.0;1998, США;криминал, драма;ТониКэй
Идентификация Борна;https://www.kinoafisha.info/movies/81992/;8.0;2002, США / Германия / Чехия;триллер;ДагЛайман
Одиннадцать друзей Оушена;https://www.kinoafisha.info/movies/3747423/;8.0;2001, США / Австралия;криминал, триллер;СтивенСодерберг
Коммандос;https://www.kinoafisha.info/movies/4076503/;8.0;1985, США;боевик, приключения;МаркЛ.Лестер
Мулан;https://www.kinoafisha.info/movies/251055/;8.0;1998, США;семейный, анимация;ТониБэнкрофт,БарриКук
Дело Ричарда Джуэлла;https://www.kinoafisha.info/movies/8356591/;8.0;2019, США;драма;КлинтИствуд
Обитель проклятых;https://www.kinoafisha.info/movies/8166688/;8.0;2014, США;триллер;БрэдАндерсон
Гарри Поттер и Тайная Комната;https://www.kinoafisha.info/movies/5237/;8.0;2002, США / Великобритания / Германия;мистика, приключения;КрисКоламбус
Рапунцель навсегда;https://www.kinoafisha.info/movies/8130421/;8.0;2012, США;детский, анимация;НатанГрино,БайронХовард
За бортом;https://www.kinoafisha.info/movies/8329840/;8.0;2018, США;мелодрама, комедия;БобФишер,РобГринберг
Полицейский с Рублевки. Новогодний беспредел;https://www.kinoafisha.info/movies/8332708/;8.0;2018, Россия;комедия, драма;ИльяКуликов
Мальчишник в Вегасе;https://www.kinoafisha.info/movies/7556324/;8.0;2009, США;комедия;ТоддФиллипс
Казино Рояль;https://www.kinoafisha.info/movies/887009/;8.0;2006, США / Германия / Великобритания / Чехия;приключения, боевик;МартинКэмпбелл
На крючке;https://www.kinoafisha.info/movies/4589160/;8.0;2008, США;драма, триллер;ДиДжейКарузо
Мегамозг;https://www.kinoafisha.info/movies/8102606/;8.0;2010, США;комедия, семейный;ТомМакГард
Путь домой;https://www.kinoafisha.info/movies/8355299/;8.0;2019, США;приключения, семейный;ЧарльзМартинСмит
Укрась прощальное утро цветами обещания;https://www.kinoafisha.info/movies/8353932/;8.0;2018, Япония;анимация, драма;МариОкада,ТосияСинохара
Паранормальное явление 2;https://www.kinoafisha.info/movies/8092152/;8.0;2010, США;ужасы;ТодУильямс
Элвин и бурундуки 2;https://www.kinoafisha.info/movies/7234155/;8.0;2009, США;фантастика, комедия;БеттиТомас
Меняющие реальность;https://www.kinoafisha.info/movies/8016594/;8.0;2010, США;фантастика, мелодрама;ДжорджНолфи
Ледокол;https://www.kinoafisha.info/movies/8175957/;8.0;2016, Россия;драма;НиколайХомерики
Шрэк 2;https://www.kinoafisha.info/movies/5639/;8.0;2004, США;сказка, комедия;ЭндрюАдамсон,КеллиЭсбери,КонрадВернон
Мотылек;https://www.kinoafisha.info/movies/8353914/;8.0;2017, Сербия / Черногория / Мальта / США;драма, криминал;МихаэльНоер
Мумия;https://www.kinoafisha.info/movies/5372442/;8.0;1999, США;триллер, комедия;СтивенСоммерс
Гадкий я;https://www.kinoafisha.info/movies/8094215/;8.0;2010, США;семейный, анимация;ПьерКоффин,КрисРено
Индиана Джонс и последний крестовый Поход;https://www.kinoafisha.info/movies/4746888/;8.0;1989, США;фантастика, боевик;СтивенСпилберг
Отряд самоубийц;https://www.kinoafisha.info/movies/8169867/;8.0;2016, США;боевик, фантастика;ДэвидЭйр
Отряд самоубийц;https://www.kinoafisha.info/movies/8169867/;8.0;2016, США;боевик, фантастика;ДэвидЭйр
Выживший;https://www.kinoafisha.info/movies/8166610/;8.0;2015, США;приключения, драма;АлехандроГонсалесИньярриту
Доктор Сон;https://www.kinoafisha.info/movies/8354825/;8.0;2019, США;мистика, ужасы;МайкФлэнеган
Брюс Всемогущий;https://www.kinoafisha.info/movies/5409/;8.0;2003, США;сказка, комедия;ТомШэдьяк
Терминатор: да придет спаситель;https://www.kinoafisha.info/movies/4874170/;8.0;2009, США / Германия / Великобритания;триллер, фантастика;МакДжи
Легенды ночных стражей;https://www.kinoafisha.info/movies/7667809/;8.0;2010, США / Австралия;фэнтези, анимация;ЗакСнайдер
Одаренная;https://www.kinoafisha.info/movies/8323080/;8.0;2017, США;драма;МаркУэбб
Каникулы строгого режима;https://www.kinoafisha.info/movies/7589775/;8.0;2009, Россия;комедия, криминал;ИгорьЗайцев
Отличница легкого поведения;https://www.kinoafisha.info/movies/8085417/;8.0;2010, США;комедия, мелодрама;УиллГлак
Правдивая ложь;https://www.kinoafisha.info/movies/4094615/;8.0;1994, США;боевик, комедия;ДжеймсКэмерон
Приключения Паддингтона 2;https://www.kinoafisha.info/movies/8328269/;8.0;2017, Великобритания / Франция;фэнтези, семейный;ПолКинг
Лицо со шрамом;https://www.kinoafisha.info/movies/4158991/;8.0;1983, США;драма, криминал;БрайанДеПальма
Турецкий гамбит;https://www.kinoafisha.info/movies/163123/;8.0;2005, Россия;криминал, исторический;ДжаникФайзиев
История игрушек 4;https://www.kinoafisha.info/movies/8178514/;8.0;2019, США;комедия, фэнтези;ДжошКули
Смешарики. Начало;https://www.kinoafisha.info/movies/8105871/;8.0;2011, Россия;анимация, детский;ДенисЧернов
Моана;https://www.kinoafisha.info/movies/8162048/;8.0;2016, США;анимация;ДжонМаскер,РонКлементс
Человек-муравей и Оса;https://www.kinoafisha.info/movies/8319876/;8.0;2018, США;фантастика, боевик;ПейтонРид
Кролик Питер;https://www.kinoafisha.info/movies/8330397/;8.0;2018, США;анимация, семейный;УиллГлак
Ультиматум Борна;https://www.kinoafisha.info/movies/1179945/;8.0;2007, США;приключения, триллер;ПолГринграсс
Форсаж: Хоббс и Шоу;https://www.kinoafisha.info/movies/8354592/;7.9;2019, США;боевик, криминал;ДэвидЛитч
Джон Уик 2;https://www.kinoafisha.info/movies/8324301/;7.9;2016, США;боевик;ЧадСтахелски
Поезд в Пусан;https://www.kinoafisha.info/movies/8327355/;7.9;2016, Корея;ужасы, боевик;ЕнСан-хо
Интерстеллар;https://www.kinoafisha.info/movies/5435814/;7.9;2014, США / Великобритания;фантастика;КристоферНолан
Сайлент Хилл;https://www.kinoafisha.info/movies/669802/;7.9;2006, Канада / Франция;ужасы, триллер;КристофГан
Смертельная битва;https://www.kinoafisha.info/movies/8126666/;7.9;1995, США;боевик, фэнтези;ПолУ.С.Андерсон
Angry Birds 2 в кино;https://www.kinoafisha.info/movies/8329714/;7.9;2019, США;анимация, детский;ТуропВанОрман
Скала;https://www.kinoafisha.info/movies/7577402/;7.9;1996, США;боевик, приключения;МайклБэй
Крестный отец 2;https://www.kinoafisha.info/movies/4158964/;7.9;1974, США;триллер, драма;ФрэнсисФордКоппола
Мир Юрского периода 2;https://www.kinoafisha.info/movies/8322908/;7.9;2018, США;фантастика, боевик;ХуанАнтониоБайона
Последний самурай;https://www.kinoafisha.info/movies/5506/;7.9;2003, США;приключения, боевик;ЭдвардЦвик
Черная Пантера;https://www.kinoafisha.info/movies/8178516/;7.9;2018, США;драма, боевик;РайанКуглер
Фантастические твари и где они обитают;https://www.kinoafisha.info/movies/8168523/;7.9;2016, Великобритания / США;семейный, фэнтези;ДэвидЙейтс
Ёлки;https://www.kinoafisha.info/movies/8092597/;7.9;2010, Россия;комедия;ЯрославЧеважевский,ДмитрийКиселев,ТимурБекмамбетов,АлександрВойтинский
Ранго;https://www.kinoafisha.info/movies/7907309/;7.9;2011, США;семейный, приключения;ГорВербински
Стражи Галактики;https://www.kinoafisha.info/movies/8153057/;7.9;2014, США;фантастика, боевик;ДжеймсГанн
Шерлок: Безобразная невеста;https://www.kinoafisha.info/movies/8322027/;7.9;2016, Великобритания;сериал, детектив;ДугласМаккиннон
Город героев;https://www.kinoafisha.info/movies/8157679/;7.9;2014, США;комедия, боевик;ДонХолл,КрисУильямс
Аладдин;https://www.kinoafisha.info/movies/4479302/;7.9;1992, США;сказка, музыкальный;ДжонМаскер
Быстрый и мертвый;https://www.kinoafisha.info/movies/5166733/;7.9;1995, США / Япония;вестерн;СэмРэйми
Призрак;https://www.kinoafisha.info/movies/7663900/;7.9;2010, США;криминал, драма;РоманПолански
Вспомнить все;https://www.kinoafisha.info/movies/4089322/;7.9;1990, США;приключения, ужасы;ПолВерховен
Гринч;https://www.kinoafisha.info/movies/8175983/;7.9;2018, США;анимация;ЯрроуЧейни,СкоттМоужер
Хроники Нарнии: Покоритель зари;https://www.kinoafisha.info/movies/5531503/;7.9;2010, Великобритания;приключения;МайклЭптид
Вкус жизни;https://www.kinoafisha.info/movies/1445156/;7.9;2007, США / Австралия;мелодрама, драма;СкоттХикс
Суини Тодд, демон-парикмахер с Флит-стрит;https://www.kinoafisha.info/movies/3319184/;7.9;2007, США;музыкальный, ужасы;ТимБертон
Мег: Монстр глубины;https://www.kinoafisha.info/movies/8326750/;7.9;2018, США;ужасы, фантастика;ДжонТертелтауб
Алиса в Зазеркалье;https://www.kinoafisha.info/movies/8167241/;7.9;2016, США;семейный, приключения;ДжеймсБобин
Крид 2;https://www.kinoafisha.info/movies/8353728/;7.9;2018, США;спорт, драма;СтивенКейплмл.
Поворот не туда;https://www.kinoafisha.info/movies/5417/;7.9;2003, США;триллер, ужасы;РобШмидт
Гравитация;https://www.kinoafisha.info/movies/8105955/;7.9;2013, США / Великобритания;фантастика, триллер;АльфонсоКуарон
Форсаж 4;https://www.kinoafisha.info/movies/5123119/;7.9;2009, США;боевик;ДжастинЛин
План побега;https://www.kinoafisha.info/movies/8136743/;7.9;2013, США;триллер, боевик;МикаэльХофстрем
Я - Четвертый;https://www.kinoafisha.info/movies/8099986/;7.9;2011, США;фантастика, боевик;ДиДжейКарузо
Ральф;https://www.kinoafisha.info/movies/8125625/;7.9;2012, США;анимация;РичМур
История Рыцаря;https://www.kinoafisha.info/movies/6894041/;7.9;2001, США;приключения, комедия;БрайанХелджленд
Неизвестный;https://www.kinoafisha.info/movies/8103233/;7.9;2011, США;драма, криминал;ХаумеКольет-Серра
Секретарша;https://www.kinoafisha.info/movies/5242/;7.9;2002, США;комедия, мелодрама;СтивенШейнберг
Звездные собаки: Белка и Стрелка;https://www.kinoafisha.info/movies/5631573/;7.9;2009, Россия;детский, анимация;СвятославУшаков
Безумный Макс: Дорога ярости;https://www.kinoafisha.info/movies/8148179/;7.9;2015, Австралия;приключения, боевик;ДжорджМиллер
Я плюю на ваши могилы;https://www.kinoafisha.info/movies/8090127/;7.9;2010, США;ужасы;СтивенР.Монро
Время ведьм;https://www.kinoafisha.info/movies/7593268/;7.9;2010, США;приключения, фэнтези;ДоминикСена
Робин Гуд;https://www.kinoafisha.info/movies/7620456/;7.9;2010, США;боевик, драма;РидлиСкотт
Элвин и бурундуки 3;https://www.kinoafisha.info/movies/8089875/;7.9;2011, США;семейный, музыкальный;МайкМитчел
2001 год: Космическая одиссея;https://www.kinoafisha.info/movies/1025164/;7.9;1968, США / Великобритания;фантастика, приключения;СтэнлиКубрик
Пипец;https://www.kinoafisha.info/movies/7624001/;7.9;2009, США;боевик, драма;МэттьюВон
Форсаж 8;https://www.kinoafisha.info/movies/8175978/;7.9;2017, США;боевик, триллер;Ф.ГэриГрей
Облачный атлас;https://www.kinoafisha.info/movies/8121044/;7.9;2012, США;фантастика;ТомТыквер,Лилли(Энди)Вачовски,ЛанаВачовски
Опасная игра Слоун;https://www.kinoafisha.info/movies/8323407/;7.9;2016, США;драма;ДжонМэдден
Три богатыря и наследница престола;https://www.kinoafisha.info/movies/8354240/;7.9;2018, Россия;анимация, приключения;КонстантинБронзит
Рождественская история;https://www.kinoafisha.info/movies/7836285/;7.9;2009, США;драма, фэнтези;РобертЗемекис
Шоколад;https://www.kinoafisha.info/movies/3341251/;7.9;2000, Великобритания / США;драма, комедия;ЛассеХалльстрем
Невидимый гость;https://www.kinoafisha.info/movies/8354569/;7.9;2017, Испания;криминал, триллер;ОриолПаоло
2+1;https://www.kinoafisha.info/movies/8327108/;7.9;2016, Франция;комедия, семейный;ХьюгоЖелен
Форсаж 6;https://www.kinoafisha.info/movies/8124698/;7.9;2013, США;боевик, драма;ДжастинЛин
Обитель зла: Последняя глава;https://www.kinoafisha.info/movies/8178213/;7.9;2016, Германия / Австралия / Канада / Франция;триллер, боевик;ПолУ.С.Андерсон
С любовью, Рози;https://www.kinoafisha.info/movies/8164705/;7.9;2014, Великобритания / США;комедия, мелодрама;КристианДиттер
Патриот;https://www.kinoafisha.info/movies/5377153/;7.9;2000, Германия / США;драма, военный;РоландЭммерих
Двойная жизнь Чарли Сан-Клауда;https://www.kinoafisha.info/movies/7949318/;7.9;2010, США;драма;БаррСтирс
Экипаж;https://www.kinoafisha.info/movies/8165130/;7.9;2016, Россия;драма, приключения;НиколайЛебедев
Храбрая сердцем;https://www.kinoafisha.info/movies/8115905/;7.9;2012, США;семейный, анимация;МаркЭндрюс,БрендаЧепмен
Кровавый алмаз;https://www.kinoafisha.info/movies/1091377/;7.9;2006, США;триллер, драма;ЭдвардЦвик
Пила 6;https://www.kinoafisha.info/movies/7740273/;7.9;2009, США / Канада / Великобритания / Австралия;триллер, мистика;КевинГретерт
Капитан Марвел;https://www.kinoafisha.info/movies/8178517/;7.9;2019, США;приключения, фэнтези;АннаБоден,РайанФлек
Агенты А.Н.К.Л.;https://www.kinoafisha.info/movies/8158491/;7.9;2015, США;комедия, приключения;ГайРичи
Ёлки 2;https://www.kinoafisha.info/movies/8112220/;7.9;2011, Россия;комедия;ДмитрийКиселев
Дьявол;https://www.kinoafisha.info/movies/8090424/;7.9;2010, США;ужасы, триллер;ДрюДаудл,ДжонЭрикДаудл
Пророк;https://www.kinoafisha.info/movies/1300779/;7.9;2007, США;фантастика, триллер;ЛиТамахори
Луна 2112;https://www.kinoafisha.info/movies/7584776/;7.9;2009, Великобритания;триллер, фантастика;ДунканДжонс
Тор;https://www.kinoafisha.info/movies/7922077/;7.9;2011, США;боевик, приключения;КеннетБрана
Царство небесное;https://www.kinoafisha.info/movies/243120/;7.9;2005, Испания / США;мелодрама, военный;РидлиСкотт
Илья Муромец и Соловей Разбойник;https://www.kinoafisha.info/movies/1106555/;7.9;2007, Россия;приключения, комедия;ВладимирТоропчин
Сибирский цирюльник;https://www.kinoafisha.info/movies/5927378/;7.9;1998, Россия / Франция / Италия / Чехия;исторический, драма;НикитаМихалков
Темный рыцарь: Возрождение легенды;https://www.kinoafisha.info/movies/8094803/;7.9;2012, США / Великобритания;драма, триллер;КристоферНолан
Пингвины мистера Поппера;https://www.kinoafisha.info/movies/8107765/;7.9;2011, США;комедия;МаркУотерс
Красавчик;https://www.kinoafisha.info/movies/5478543/;7.9;2007, Германия;мелодрама, комедия;ТильШвайгер
Джон Картер;https://www.kinoafisha.info/movies/8120732/;7.9;2012, США;приключения, фантастика;ЭндрюСтэнтон
Особое мнение;https://www.kinoafisha.info/movies/5223/;7.9;2002, США;фантастика, боевик;СтивенСпилберг
Во власти стихии;https://www.kinoafisha.info/movies/8354204/;7.8;2018, США;драма;БальтасарКормакур
Отпуск по обмену;https://www.kinoafisha.info/movies/1057777/;7.8;2006, США;мелодрама, комедия;НэнсиМейерс
Однажды в Вегасе;https://www.kinoafisha.info/movies/4609221/;7.8;2008, США;комедия;ТомВон
Расплата;https://www.kinoafisha.info/movies/8178414/;7.8;2016, США;драма;ГэвинО'Коннор
Человек дождя;https://www.kinoafisha.info/movies/4981502/;7.8;1988, США;драма;БарриЛевинсон
Путешествие 2: Таинственный остров;https://www.kinoafisha.info/movies/8099426/;7.8;2011, США;фантастика, приключения;БрэдПейтон
Мстители: Эра Альтрона;https://www.kinoafisha.info/movies/8142040/;7.8;2015, США;боевик, приключения;ДжоссУидон
Другой мир: Пробуждение;https://www.kinoafisha.info/movies/7949413/;7.8;2012, США;фантастика, ужасы;МансМорлинд,БьернШтейн
Первый мститель: Другая война;https://www.kinoafisha.info/movies/8140254/;7.8;2014, США;приключения, фантастика;ЭнтониРуссо,ДжоРуссо
Парфюмер: история одного убийцы;https://www.kinoafisha.info/movies/829730/;7.8;2006, Германия / Франция / Испания / США;триллер, драма;ТомТыквер
Придурки из Хаззарда;https://www.kinoafisha.info/movies/427918/;7.8;2005, США / Австралия;комедия, приключения;ДжэйЧэндрасекар
Турист;https://www.kinoafisha.info/movies/7907180/;7.8;2010, США;драма, триллер;ФлорианХенкельфонДоннерсмарк
Турист;https://www.kinoafisha.info/movies/7907180/;7.8;2010, США;драма, триллер;ФлорианХенкельфонДоннерсмарк
Красная шапочка;https://www.kinoafisha.info/movies/8089143/;7.8;2011, США;драма, триллер;КэтринХардвик
Другие;https://www.kinoafisha.info/movies/3625676/;7.8;2001, Испания / Франция / США;ужасы, фантастика;АлехандроАменабар
Хранители снов;https://www.kinoafisha.info/movies/8124681/;7.8;2012, США;семейный, анимация;ПитерРэмси
Бойфренд из будущего;https://www.kinoafisha.info/movies/8144311/;7.8;2013, Великобритания;фантастика, комедия;РичардКертис
Любовь в большом городе 2;https://www.kinoafisha.info/movies/7805012/;7.8;2010, Россия;комедия;МарюсВайсберг
Больше чем секс;https://www.kinoafisha.info/movies/8104603/;7.8;2011, США;мелодрама, комедия;АйвэнРайтман
Бладшот;https://www.kinoafisha.info/movies/8354985/;7.8;2020, США;боевик, фантастика;ДэйвУилсон
Конг: Остров черепа;https://www.kinoafisha.info/movies/8171583/;7.8;2017, США;приключения, боевик;ДжорданВот-Робертс
Великий уравнитель 2;https://www.kinoafisha.info/movies/8178515/;7.8;2018, США;боевик, криминал;АнтуанФукуа
Спирит: Душа прерий;https://www.kinoafisha.info/movies/8107409/;7.8;2002, США;вестерн, анимация;КеллиЭсбери,ЛорнаКук
Сумерки. Сага. Затмение;https://www.kinoafisha.info/movies/7796610/;7.8;2010, США;мелодрама, фэнтези;ДэвидСлэйд
Другой мир;https://www.kinoafisha.info/movies/5419/;7.8;2003, США / Германия / Венгрия / Великобритания;сказка, боевик;ЛенУайзман
Аритмия;https://www.kinoafisha.info/movies/8327377/;7.8;2017, Россия;драма, мелодрама;БорисХлебников
Оно;https://www.kinoafisha.info/movies/8326742/;7.8;2017, США;ужасы, триллер;АндресМускетти
В погоне за счастьем;https://www.kinoafisha.info/movies/1146310/;7.8;2006, США;комедия, драма;ГабриэлеМуччино
Тор 2: Царство тьмы;https://www.kinoafisha.info/movies/8131764/;7.8;2013, США;приключения, боевик;АланТейлор
28 недель спустя;https://www.kinoafisha.info/movies/1300828/;7.8;2007, Великобритания;фантастика, триллер;ХуанКарлосФреснадильо
А зори здесь тихие...;https://www.kinoafisha.info/movies/8168461/;7.8;2015, Россия;военный, драма;РенатДавлетьяров
М+Ж;https://www.kinoafisha.info/movies/7688431/;7.8;2009, Россия;комедия, мелодрама;ИгорьАндрейчук
"007: Координаты ""Скайфолл""";https://www.kinoafisha.info/movies/8114303/;7.8;2012, США / Великобритания;приключения, боевик;СэмМендес
Простая просьба;https://www.kinoafisha.info/movies/8354314/;7.8;2018, США;триллер, криминал;ПолФиг
Схватка;https://www.kinoafisha.info/movies/3949589/;7.8;1995, США;драма, криминал;МайклМанн
Ветер крепчает;https://www.kinoafisha.info/movies/8162426/;7.8;2013, Япония;драма, анимация;ХаяоМиядзаки
Банды Нью-Йорка;https://www.kinoafisha.info/movies/5292/;7.8;2002, США / Германия / Италия / Великобритания / Нидерланды;драма, исторический;МартинСкорсезе
Джон Уик;https://www.kinoafisha.info/movies/8159364/;7.8;2014, США;боевик, триллер;ДэвидЛитч,ЧадСтахелски
Артист;https://www.kinoafisha.info/movies/8119157/;7.8;2011, Франция;мелодрама;МишельАзанависьюс
Домовой;https://www.kinoafisha.info/movies/8330126/;7.8;2019, Россия;комедия, фэнтези;ЕвгенийБедарев
Полночь в Париже;https://www.kinoafisha.info/movies/8088945/;7.8;2011, США;комедия, мелодрама;ВудиАллен
Дамбо;https://www.kinoafisha.info/movies/8330492/;7.8;2019, США;семейный, фэнтези;ТимБертон
Охотники за привидениями;https://www.kinoafisha.info/movies/3729109/;7.8;1984, США;комедия, фантастика;АйвэнРайтман
Из Парижа с любовью;https://www.kinoafisha.info/movies/7606056/;7.8;2009, Франция;боевик;ПьерМорель
Мачете;https://www.kinoafisha.info/movies/7795700/;7.8;2010, США;боевик, криминал;РобертРодригес,ИтанМаникис
Дориан Грей;https://www.kinoafisha.info/movies/6807556/;7.8;2009, Великобритания;драма;ОливерПаркер
Океаны;https://www.kinoafisha.info/movies/7597806/;7.8;2009, Франция / Швейцария / Испания / Монако;драма, документальный;ЖакПеррен,ЖакКлюзо
Охота на пиранью;https://www.kinoafisha.info/movies/633734/;7.8;2006, Россия;триллер, криминал;АндрейКавун
Воровка книг;https://www.kinoafisha.info/movies/8151358/;7.8;2014, США;драма;БрайанПерсивал
Дракула;https://www.kinoafisha.info/movies/5413129/;7.8;1992, США;ужасы, мелодрама;ФрэнсисФордКоппола
Высоцкий. Спасибо, что живой;https://www.kinoafisha.info/movies/8096007/;7.8;2011, Россия;биография, драма;ПетрБуслов
Хочу как ты;https://www.kinoafisha.info/movies/8085432/;7.8;2011, США;комедия;ДэвидДобкин
Семейка Аддамс;https://www.kinoafisha.info/movies/8354869/;7.8;2019, США;анимация, фэнтези;ГрегТирнан,КонрадВернон
Мгла;https://www.kinoafisha.info/movies/2070260/;7.8;2007, США;ужасы;ФрэнкДарабонт
Секс по дружбе;https://www.kinoafisha.info/movies/8095365/;7.8;2011, США;комедия;УиллГлак
Чтец;https://www.kinoafisha.info/movies/6143568/;7.8;2008, США / Германия;мелодрама, исторический;СтивенДолдри
Отель «Белград»;https://www.kinoafisha.info/movies/8356738/;7.8;2020, Россия;комедия, романтическая комедия;КонстантинСтатский
Падение Лондона;https://www.kinoafisha.info/movies/8171232/;7.8;2015, США / Великобритания;криминал, боевик;БабакНаджафи
Убить Билла 2;https://www.kinoafisha.info/movies/5603/;7.8;2004, США;боевик, драма;КвентинТарантино
Кто я;https://www.kinoafisha.info/movies/8175519/;7.8;2014, Германия;триллер;БаранбоОдар
Сладкий ноябрь;https://www.kinoafisha.info/movies/3341289/;7.8;2001, США;комедия, драма;ПэтО'Коннор
Поддубный;https://www.kinoafisha.info/movies/8142305/;7.8;2013, Россия;драма, исторический;ГлебОрлов
Тачки 3;https://www.kinoafisha.info/movies/8320109/;7.8;2017, США;детский, анимация;БрайанФи
Хорошая девочка;https://www.kinoafisha.info/movies/3956174/;7.8;2002, США / Германия / Нидерланды;драма, комедия;МигельАртета
Всё путём;https://www.kinoafisha.info/movies/7809736/;7.8;2009, США / Италия;приключения, драма;КиркДжонс
Я, робот;https://www.kinoafisha.info/movies/5633/;7.8;2004, США;фантастика, приключения;АлексПройас
Неудержимые 2;https://www.kinoafisha.info/movies/8119166/;7.8;2012, США;приключения, триллер;СаймонУэст
Классный мюзикл: Выпускной;https://www.kinoafisha.info/movies/5618252/;7.8;2008, США;мелодрама, комедия;КенниОртега
Судья;https://www.kinoafisha.info/movies/8163949/;7.8;2014, США;драма;ДэвидДобкин
Дурак;https://www.kinoafisha.info/movies/8165353/;7.8;2014, Россия;драма;ЮрийБыков
Пол: Секретный материальчик;https://www.kinoafisha.info/movies/8094673/;7.8;2011, Франция / Великобритания / США / Испания;фантастика, комедия;ГрегМоттола
Крупная рыба;https://www.kinoafisha.info/movies/5515/;7.8;2003, США;приключения, сказка;ТимБертон
Марсианин;https://www.kinoafisha.info/movies/8167674/;7.8;2015, США;фантастика, приключения;РидлиСкотт
Монте-Карло;https://www.kinoafisha.info/movies/8087925/;7.8;2011, США;комедия;ТомасБезуча
Американский пирог: Все в сборе;https://www.kinoafisha.info/movies/8120668/;7.8;2012, США;комедия;ДжонХарвитц,ХейденШлоссберг
Идеальные незнакомцы;https://www.kinoafisha.info/movies/8328292/;7.8;2016, Италия;драма, комедия;ПаолоДженовезе
Люди Икс. Последняя битва;https://www.kinoafisha.info/movies/656550/;7.8;2006, США;фантастика, триллер;БреттРэтнер
9;https://www.kinoafisha.info/movies/7606750/;7.8;2009, США;анимация, военный;ШэйнЭккер
Тренер;https://www.kinoafisha.info/movies/8326912/;7.8;2018, Россия;спорт, драма;ДанилаКозловский
8 подруг Оушена;https://www.kinoafisha.info/movies/8327445/;7.8;2017, США;криминал, комедия;ГэриРосс
Сплит;https://www.kinoafisha.info/movies/8320840/;7.8;2016, США;триллер;М.НайтШьямалан
Призрак оперы;https://www.kinoafisha.info/movies/121017/;7.8;2004, США / Великобритания;драма, триллер;ДжоэлШумахер
Омерзительная восьмерка;https://www.kinoafisha.info/movies/8167215/;7.8;2015, США;комедия, вестерн;КвентинТарантино
Астерикс: Земля Богов;https://www.kinoafisha.info/movies/8165172/;7.8;2014, Франция;анимация, приключения;АлександрАстье,ЛуисКлиши
Эдвард руки-ножницы;https://www.kinoafisha.info/movies/3338974/;7.8;1990, США;сказка, драма;ТимБертон
Монстры на каникулах;https://www.kinoafisha.info/movies/7789890/;7.8;2012, США;комедия, анимация;ГенндийТартаковский
Навсикая из долины Ветров;https://www.kinoafisha.info/movies/1814170/;7.8;1984, Япония;фантастика, приключения;ХаяоМиядзаки
Классный мюзикл;https://www.kinoafisha.info/movies/5715680/;7.8;2006, США;мелодрама, комедия;КенниОртега
Два дня;https://www.kinoafisha.info/movies/8107760/;7.8;2011, Россия;мелодрама;АвдотьяСмирнова
Гномео и Джульетта;https://www.kinoafisha.info/movies/8111153/;7.8;2011, США / Великобритания;фэнтези, анимация;КеллиЭсбери
Бесконечная история;https://www.kinoafisha.info/movies/5641021/;7.7;1984, ФРГ / США;сказка, приключения;ВольфгангПетерсен
Чужой 4: Воскрешение;https://www.kinoafisha.info/movies/5811126/;7.7;1997, США;триллер, боевик;Жан-ПьерЖене
Kingsman: Секретная служба;https://www.kinoafisha.info/movies/8156005/;7.7;2014, Великобритания;триллер;МэттьюВон
Шаг вперед;https://www.kinoafisha.info/movies/1041313/;7.7;2006, США;мелодрама, музыкальный;ЭннФлетчер
Шоу Трумана;https://www.kinoafisha.info/movies/4977090/;7.7;1998, США;драма, фантастика;ПитерУир
Дом;https://www.kinoafisha.info/movies/8157738/;7.7;2015, США;анимация, фэнтези;ТимДжонсон
Голодные игры: И вспыхнет пламя;https://www.kinoafisha.info/movies/8134705/;7.7;2013, США;боевик, фантастика;ФренсисЛоуренс
Дом восковых фигур;https://www.kinoafisha.info/movies/336039/;7.7;2005, Австралия / США;ужасы, триллер;ХаумеКольет-Серра
Маяк;https://www.kinoafisha.info/movies/8355383/;7.7;2019, США;ужасы, фэнтези;РобертЭггерс
Полет навигатора;https://www.kinoafisha.info/movies/921277/;7.7;1986, США;детский, приключения;РэндэлКлайзер
Как приручить дракона 2;https://www.kinoafisha.info/movies/8150290/;7.7;2014, США;комедия, фэнтези;ДинДеблуа
Книжный клуб;https://www.kinoafisha.info/movies/8354260/;7.7;2018, США;комедия;БиллХолдермэн
Гарри Поттер и Принц-Полукровка;https://www.kinoafisha.info/movies/4108467/;7.7;2008, Великобритания / США;фэнтези, семейный;ДэвидЙейтс
Последняя песня;https://www.kinoafisha.info/movies/7822874/;7.7;2010, США;драма;ДжулиЭннРобинсон
Эверест;https://www.kinoafisha.info/movies/8163584/;7.7;2015, США / Великобритания;драма, приключения;БальтасарКормакур
127 часов;https://www.kinoafisha.info/movies/8096889/;7.7;2010, США / Великобритания;драма;ДэнниБойл
Удивительное путешествие Доктора Дулиттла;https://www.kinoafisha.info/movies/8329511/;7.7;2020, США;комедия;СтивенГейган
Гадкий я 2;https://www.kinoafisha.info/movies/8120473/;7.7;2013, США;анимация, семейный;ПьерКоффин,КрисРено
Транс;https://www.kinoafisha.info/movies/8145858/;7.7;2013, Великобритания;триллер, криминал;ДэнниБойл
Человек-паук: Возвращение домой;https://www.kinoafisha.info/movies/8178242/;7.7;2017, США;боевик, фантастика;ДжонУоттс
Шазам!;https://www.kinoafisha.info/movies/8176029/;7.7;2019, США;фантастика, фэнтези;ДэвидФ.Сандберг
Большое путешествие вглубь океанов 3D: Возвращение;https://www.kinoafisha.info/movies/7945897/;7.7;2009, Германия / Великобритания / Австрия;документальный;НикСтрингер
Легенда острова Двид;https://www.kinoafisha.info/movies/8011933/;7.7;2010, Россия;приключения, семейный;АнариоМамедов
Грех;https://www.kinoafisha.info/movies/8330122/;7.7;2018, Россия / Италия;драма, биография;АндрейКончаловский
Скорость;https://www.kinoafisha.info/movies/5642643/;7.7;1994, США;триллер, криминал;ЯнДеБонт
Иллюзионист;https://www.kinoafisha.info/movies/7235864/;7.7;2009, Великобритания / Франция;анимация;СильвенШомэ
Монах и бес;https://www.kinoafisha.info/movies/8322879/;7.7;2016, Россия;фантастика, комедия;НиколайДосталь
Пункт назначения;https://www.kinoafisha.info/movies/3712222/;7.7;2000, США;фантастика, ужасы;ДжеймсВонг
Синистер;https://www.kinoafisha.info/movies/8128376/;7.7;2012, США;криминал, ужасы;СкоттДерриксон
Бесславные ублюдки;https://www.kinoafisha.info/movies/7605543/;7.7;2009, Германия / США;драма, военный;КвентинТарантино,ЭлайРот
Дюнкерк;https://www.kinoafisha.info/movies/8322822/;7.7;2017, США / Великобритания / Франция;драма, военный;КристоферНолан
Старикам тут не место;https://www.kinoafisha.info/movies/3312825/;7.7;2007, США;драма, триллер;ИтанКоэн,ДжоэлКоэн
Тайна 7 сестер;https://www.kinoafisha.info/movies/8328634/;7.7;2017, Великобритания;фантастика, триллер;ТоммиВиркола
Боец;https://www.kinoafisha.info/movies/3689686/;7.7;2010, США;драма;ДэвидО.Расселл
Харлей Дэвидсон и ковбой Мальборо;https://www.kinoafisha.info/movies/3586987/;7.7;1991, США;триллер, боевик;СаймонУинсер
LOL (ржунимагу);https://www.kinoafisha.info/movies/7620424/;7.7;2008, Франция;комедия;ЛизаАзуэлос
У холмов есть глаза 2;https://www.kinoafisha.info/movies/1153384/;7.7;2007, США;ужасы;МартинВайс
Винчестер. Дом, который построили призраки;https://www.kinoafisha.info/movies/8329418/;7.7;2018, США;мистика, триллер;ПитерСпириг,МайклСпириг
Чудаки 3D;https://www.kinoafisha.info/movies/8095571/;7.7;2010, США;документальный, комедия;ДжеффТремэйн
Мост в Терабитию;https://www.kinoafisha.info/movies/1090242/;7.7;2007, США;фэнтези, семейный;ГаборЧупо
Шаг вперед 3;https://www.kinoafisha.info/movies/8094830/;7.7;2010, США;музыкальный, драма;ДжонЧу
Шпионский мост;https://www.kinoafisha.info/movies/8174703/;7.7;2015, США;драма, триллер;СтивенСпилберг
Зверопой;https://www.kinoafisha.info/movies/8320679/;7.7;2016, США;музыкальный, анимация;ГартДженнингс
Ночные игры;https://www.kinoafisha.info/movies/8329320/;7.7;2018, США;комедия, детектив;ДжонФрэнсисДейли,ДжонатанМ.Голдштейн
Дом у озера;https://www.kinoafisha.info/movies/829043/;7.7;2006, США;мелодрама, драма;АлехандроАгрести
Стиляги;https://www.kinoafisha.info/movies/3609487/;7.7;2008, Россия;комедия, музыкальный;ВалерийТодоровский
Чудо-женщина;https://www.kinoafisha.info/movies/8170893/;7.7;2017, США;боевик, приключения;ПэттиДженкинс
Фантастические твари: Преступления Грин-де-Вальда;https://www.kinoafisha.info/movies/8171723/;7.7;2018, США;фэнтези;ДэвидЙейтс
Красота по-американски;https://www.kinoafisha.info/movies/904346/;7.7;1999, США;мелодрама;СэмМендес
Взрыв из прошлого;https://www.kinoafisha.info/movies/7673018/;7.7;1999, США;мелодрама, комедия;ХьюУилсон
Защитник;https://www.kinoafisha.info/movies/8114794/;7.7;2011, США;криминал;БоазЯкин
Помутнение;https://www.kinoafisha.info/movies/5436205/;7.7;2006, США;триллер, драма;РичардЛинклэйтер
Камера 211: Зона;https://www.kinoafisha.info/movies/7933185/;7.7;2009, Франция / Испания;боевик, драма;ДаньельМонсон
Воин;https://www.kinoafisha.info/movies/8000443/;7.7;2011, США;драма, боевик;ГэвинО'Коннор
