Название;Ccылка
  Игра престолов ;http://timemovie.ru/smotret-online/igra_prestolov_2011_720_hd/2016-10-21-55
  Табу ;http://timemovie.ru/smotret-online/tabu_2017_720_hd/2017-01-16-1248
  Граница ;http://timemovie.ru/smotret-online/granica_2016_720_hd/2016-11-27-481
  Теория большого взрыва ;http://timemovie.ru/smotret-online/teorija_bolshogo_vzryva_2007_720_hd/2017-02-18-1508
  Новые миры ;http://timemovie.ru/smotret-online/novye_miry_2014_720_hd/2016-10-31-177
  Легион ;http://timemovie.ru/smotret-online/legion_2017_720_hd/2017-02-10-1459
  Настоящий детектив ;http://timemovie.ru/smotret-online/nastojashhij_detektiv_2014_720_hd/2017-01-14-1213
  ОА ;http://timemovie.ru/smotret-online/oa_2016_720_hd/2017-01-07-1075
  Мир Дикого Запада ;http://timemovie.ru/smotret-online/mir_dikogo_zapada_2016_720_hd/2016-10-11-16
  Патриот ;http://timemovie.ru/smotret-online/patriot_2017_720_hd/2017-03-03-1658
  Каратель ;http://timemovie.ru/smotret-online/karatel_2017_720_hd/2017-01-11-1134
  Развод ;http://timemovie.ru/smotret-online/razvod_2016_720_hd/2016-11-11-297
  Хороший доктор ;http://timemovie.ru/smotret-online/khoroshij_doktor_2017_720_hd/2017-10-04-3082
  Изгои ;http://timemovie.ru/smotret-online/izgoi_outsiders_2016_720_hd/2017-01-29-1357
  Электрические сны Филипа К. Дика ;http://timemovie.ru/smotret-online/ehlektricheskie_sny_filipa_k_dika_2017_720_hd/2017-09-26-3063
  Салем ;http://timemovie.ru/smotret-online/salem_2014_720_hd/2016-11-10-277
  Мозаика ;http://timemovie.ru/smotret-online/mozaika_2018_720_hd/2018-02-02-3301
  По друзьям ;http://timemovie.ru/smotret-online/po_druzjam_2017_720_hd/2017-03-06-1706
  Жуть ;http://timemovie.ru/smotret-online/zhut_2016_720_hd/2016-10-22-93
  Любовь не понимает слов ;http://timemovie.ru/smotret-online/ljubov_ne_ponimaet_slov_2016_720_hd/2016-11-18-376
  Слепая зона ;http://timemovie.ru/smotret-online/slepoe_pjatno_2015_720_hd/2017-01-13-1197
  Лед ;http://timemovie.ru/smotret-online/led_2016_720_hd/2017-01-17-1268
  Ван Хельсинг ;http://timemovie.ru/smotret-online/van_khelsing_2016_720_hd/2016-12-12-664
  Обмани меня ;http://timemovie.ru/smotret-online/obmani_menja_2009_720_hd/2017-01-14-1216
  Американская история преступлений ;http://timemovie.ru/smotret-online/amerikanskaja_istorija_prestuplenij_2016_720_hd/2018-01-23-3292
  Эш против Зловещих мертвецов ;http://timemovie.ru/smotret-online/ehsh_protiv_zloveshhikh_mertvecov_2015_720_hd/2016-10-30-145
  Корона ;http://timemovie.ru/smotret-online/korona_2016_720_hd/2016-11-27-479
  Ловушка ;http://timemovie.ru/smotret-online/lovushka_2016_720_hd/2017-03-20-1941
  Мгла ;http://timemovie.ru/smotret-online/mgla_2017_720_hd/2017-06-10-2454
  Люцифер ;http://timemovie.ru/smotret-online/ljucifer_2015_720_hd/2016-10-17-33
  Изумрудный город ;http://timemovie.ru/smotret-online/izumrudnyj_gorod_2016_720_hd/2016-12-22-786
  Побег ;http://timemovie.ru/smotret-online/pobeg_2005_720_hd/2017-03-26-2009
  Сумеречные охотники ;http://timemovie.ru/smotret-online/sumerechnye_okhotniki_2016_720_hd/2017-01-06-1038
  Великолепный век ;http://timemovie.ru/smotret-online/velikolepnyj_vek_2011_720_hd/2016-11-16-350
  Однажды в сказке ;http://timemovie.ru/smotret-online/odnazhdy_v_skazke_2011_720_hd/2016-10-15-26
  Василиса ;http://timemovie.ru/smotret-online/vasilisa_2016_720_hd/2017-01-15-1244
  Лемони Сникет: 33 несчастья ;http://timemovie.ru/smotret-online/lemoni_sniket_33_neschastja_2017_720_hd/2016-12-16-715
  По ту сторону ;http://timemovie.ru/smotret-online/po_tu_storonu_2016_720_hd/2017-02-11-1468
  СуперКопы ;http://timemovie.ru/smotret-online/superkopy_2016_720_hd/2016-12-31-991
  Ривердэйл ;http://timemovie.ru/smotret-online/riverdehjl_2017_720_hd/2017-01-09-1105
  Путешественники ;http://timemovie.ru/smotret-online/puteshestvenniki_2016_720_hd/2016-11-28-490
  Женская доля ;http://timemovie.ru/smotret-online/zhenskaja_dolja_2014_720_hd/2016-11-30-518
  Колония ;http://timemovie.ru/smotret-online/kolonija_2016_720_hd/2017-01-19-1289
  Готэм ;http://timemovie.ru/smotret-online/gotehm_2014_720_hd/2016-10-21-51
  Любовь напрокат ;http://timemovie.ru/smotret-online/ljubov_naprokat_2015_720_hd/2016-11-19-378
  Ночная смена ;http://timemovie.ru/smotret-online/nochnaja_smena_2014_720_hd/2017-08-29-2863
  Выжить после ;http://timemovie.ru/smotret-online/vyzhit_posle_2013_720_hd/2017-03-29-1995
  Вице-президент ;http://timemovie.ru/smotret-online/vice_prezident_2012_720_hd/2017-04-20-2247
  Хэтфилды и МакКои ;http://timemovie.ru/smotret-online/khehtfildy_i_makkoi_2012_720_hd/2017-03-07-1744
  Падающая вода ;http://timemovie.ru/smotret-online/padajushhaja_voda_2016_720_hd/2016-12-08-611
  Сверхъестественное ;http://timemovie.ru/smotret-online/sverkhestestvennoe_2005_720_hd/2016-10-21-74
  Очевидец ;http://timemovie.ru/smotret-online/ochevidec_2016_720_hd/2016-12-05-581
  Манифест ;http://timemovie.ru/smotret-online/manifest_2018_1080_hd/2018-11-06-3718
  Цвета страсти ;http://timemovie.ru/smotret-online/cveta_strasti_2013_720_hd/2016-11-30-520
  Царство ;http://timemovie.ru/smotret-online/carstvo_2013_720_hd/2017-02-23-1579
  Железный кулак ;http://timemovie.ru/smotret-online/zheleznyj_kulak_2017_720_hd/2017-03-19-1906
  Кремниевая долина ;http://timemovie.ru/smotret-online/kremnievaja_dolina_2014_720_hd/2017-04-27-2295
  Класс ;http://timemovie.ru/smotret-online/klass_2016_720_hd/2016-12-10-640
  Стрелок ;http://timemovie.ru/smotret-online/strelok_2016_720_hd/2016-12-04-570
  Викинги ;http://timemovie.ru/smotret-online/vikingi_2013_720_hd/2017-01-17-1271
  Под прикрытием ;http://timemovie.ru/smotret-online/pod_prikrytiem_2015_720_hd/2017-01-06-1058
  Вражда ;http://timemovie.ru/smotret-online/vrazhda_2017_720_hd/2017-03-11-1818
  Налет ;http://timemovie.ru/smotret-online/nalet_2017_720_hd/2017-04-14-2162
  Любовники ;http://timemovie.ru/smotret-online/ljubovniki_2014_720_hd/2016-12-10-643
  В пустыне смерти ;http://timemovie.ru/smotret-online/v_pustyne_smerti_2015_720_hd/2016-12-08-621
  Нэшвилл ;http://timemovie.ru/smotret-online/nehshvill_2012_720_hd/2017-01-10-1120
  Дневники вампира ;http://timemovie.ru/smotret-online/dnevniki_vampira_2009_720_hd/2016-10-26-104
  Вне времени ;http://timemovie.ru/smotret-online/vne_vremeni_2016_720_hd/2016-11-14-328
  Флэш ;http://timemovie.ru/smotret-online/flehsh_2014_720_hd/2016-10-19-36
  Медичи: Повелители Флоренции ;http://timemovie.ru/smotret-online/medichi_poveliteli_florencii_2016_720_hd/2016-11-23-428
  Земляне ;http://timemovie.ru/smotret-online/zemljane_2016_720_hd/2016-11-28-487
  Махабхарата ;http://timemovie.ru/smotret-online/makhabkharata_2013_720_hd/2016-11-30-516
  Красавица и чудовище ;http://timemovie.ru/smotret-online/krasavica_i_chudovishhe_2012_720_hd/2017-03-18-1870
  Стэн против сил зла ;http://timemovie.ru/smotret-online/stehn_protiv_sil_zla_2016_720_hd/2016-11-10-281
  Спасение ;http://timemovie.ru/smotret-online/spasenie_2017_720_hd/2017-07-18-2726
  Человек в высоком замке ;http://timemovie.ru/smotret-online/chelovek_v_vysokom_zamke_2015_720_hd/2016-10-29-135
  Люк Кейдж ;http://timemovie.ru/smotret-online/ljuk_kejdzh_2016_720_hd/2016-10-13-20
  Сорвиголова ;http://timemovie.ru/smotret-online/sorvigolova_2015_720_hd/2016-12-23-803
  Нюхач ;http://timemovie.ru/smotret-online/njukhach_2013_720_hd/2017-09-08-2909
  Нулевой канал ;http://timemovie.ru/smotret-online/nulevoj_kanal_2016_720_hd/2016-10-28-122
  Большая маленькая ложь ;http://timemovie.ru/smotret-online/bolshaja_malenkaja_lozh_2017_720_hd/2017-02-26-1653
  24 часа: Наследие ;http://timemovie.ru/smotret-online/24_chasa_nasledie_2017_720_hd/2017-01-06-1046
  Волшебники ;http://timemovie.ru/smotret-online/volshebniki_2015_720_hd/2017-01-31-1367
  Черная любовь ;http://timemovie.ru/smotret-online/chernaja_ljubov_2015_720_hd/2016-11-20-513
  Черная кровь ;http://timemovie.ru/smotret-online/chernaja_krov_2017_720_hd/2017-09-12-2949
  Это мы ;http://timemovie.ru/smotret-online/ehto_my_2016_720_hd/2016-10-06-7
  Сотня ;http://timemovie.ru/smotret-online/sotnja_2014_720_hd/2017-02-05-1401
  Тайны Смолвиля ;http://timemovie.ru/smotret-online/tajny_smolvilja_2001_720_hd/2017-01-12-1165
  Шерлок ;http://timemovie.ru/smotret-online/sherlok_2010_720_hd/2016-11-12-308
  Корпорация ;http://timemovie.ru/smotret-online/korporacija_2016_720_hd/2016-12-03-555
  Люди ;http://timemovie.ru/smotret-online/ljudi_2015_720_hd/2016-11-12-303
  Черное зеркало ;http://timemovie.ru/smotret-online/chernoe_zerkalo_2011_720_hd/2016-10-27-127
  Филфак ;http://timemovie.ru/smotret-online/filfak_2017_720_hd/2017-04-03-2060
  Терминатор: Битва за будущее ;http://timemovie.ru/smotret-online/terminator_bitva_za_budushhee_2008_720_hd/2017-02-25-1602
  Шесть ;http://timemovie.ru/smotret-online/shest_2017_720_hd/2017-01-22-1302
  Убивая Еву ;http://timemovie.ru/smotret-online/ubivaja_evu_2018_720_hd/2018-06-28-3512
  Большая любовь ;http://timemovie.ru/smotret-online/bolshaja_ljubov_2006_720_hd/2017-03-04-1730
  Касл-Рок ;http://timemovie.ru/smotret-online/kasl_rok_2018_1080_hd/2018-09-05-3597
  Пес ;http://timemovie.ru/smotret-online/pes_2015_720_hd/2017-03-09-1784
  Библиотекари ;http://timemovie.ru/smotret-online/bibliotekari_2014_720_hd/2016-12-13-679
